Dataset 1,,,,,,,,,Dataset 2,,,,,,,,,,,,,,,
subjects,session,CSP,FBCSP,EEGNet,deepConvNet,FBCNet,,,subjects,session,FBCSP,EEGNet,deepConvNet,FBCNet,,,,,,,,,0.635,0.77
1,1,0.635,0.77,0.915,0.915,0.82,,,1,1,0.63,0.663,0.69,0.797,,,,,,,,,,
,2,0.55,0.67,0.975,0.98,0.955,,,,2,0.54,0.687,0.693,0.723,,,,,,,,,,
,3,0.58,0.77,0.99,0.985,0.935,,,,3,0.82,0.84,0.89,0.89,,,,,,,,,,
2,1,0.475,0.525,0.58,0.61,0.635,,,2,1,0.92,0.943,0.973,0.943,,,,,,,,,,
,2,0.545,0.5,0.6,0.54,0.525,,,,2,0.943,0.933,0.947,0.923,,,,,,,,,,
,3,0.525,0.64,0.785,0.77,0.645,,,,3,0.983,0.983,0.987,0.97,,,,,,,,,,
3,1,0.515,0.63,0.895,0.925,0.87,,,3,1,0.453,0.793,0.833,0.767,,,,,,,,,,
,2,0.47,0.61,0.955,0.94,0.89,,,,2,0.41,0.807,0.887,0.77,,,,,,,,,,
,3,0.61,0.725,0.895,0.845,0.8,,,,3,0.567,0.92,0.9,0.823,,,,,,,,,,
4,1,0.525,0.51,0.435,0.48,0.555,,,4,1,0.527,0.59,0.503,0.607,,,,,,,,,,
,2,0.515,0.545,0.485,0.465,0.58,,,,2,0.47,0.623,0.55,0.553,,,,,,,,,,
,3,0.555,0.48,0.595,0.54,0.505,,,,3,0.567,0.86,0.827,0.713,,,,,,,,,,
5,1,0.735,0.91,0.935,0.915,0.905,,,5,1,0.353,0.843,0.787,0.67,,,,,,,,,,
,2,0.765,0.9,0.925,0.865,0.895,,,,2,0.333,0.853,0.83,0.707,,,,,,,,,,
,3,0.74,0.915,0.845,0.8,0.85,,,,3,0.38,0.823,0.79,0.703,,,,,,,,,,
6,1,0.83,0.88,0.975,0.975,0.96,,,6,1,0.333,0.483,0.527,0.54,,,,,,,,,,
,2,0.75,0.81,0.955,0.935,0.945,,,,2,0.393,0.707,0.737,0.633,,,,,,,,,,
,3,0.91,0.96,0.98,0.98,0.985,,,,3,0.453,0.8,0.81,0.597,,,,,,,,,,
7,1,0.465,0.405,0.82,0.84,0.61,,,7,1,0.693,0.9,0.92,0.863,,,,,,,,,,
,2,0.57,0.555,0.845,0.865,0.805,,,,2,0.757,0.96,0.98,0.937,,,,,,,,,,
,3,0.475,0.495,0.94,0.9,0.81,,,,3,0.813,0.963,0.973,0.96,,,,,,,,,,
8,1,0.515,0.66,0.885,0.88,0.855,,,8,1,0.69,0.69,0.71,0.63,,,,,,,,,,
,2,0.475,0.565,0.925,0.925,0.865,,,,2,0.65,0.643,0.703,0.723,,,,,,,,,,
,3,0.46,0.59,0.955,0.935,0.765,,,,3,0.637,0.75,0.84,0.76,,,,,,,,,,
9,1,0.495,0.545,0.765,0.775,0.68,,,9,1,0.383,0.797,0.82,0.667,,,,,,,,,,
,2,0.57,0.585,0.72,0.68,0.685,,,,2,0.427,0.647,0.687,0.66,,,,,,,,,,
,3,0.515,0.525,0.58,0.525,0.555,,,,3,0.397,0.703,0.733,0.667,,,,,,,,,,
10,1,0.485,0.53,0.785,0.74,0.65,,,10,1,0.706,0.78,0.8,0.852,,,,,,,,,,
,2,0.53,0.63,0.885,0.9,0.815,,,,2,0.673,0.817,0.843,0.83,,,,,,,,,,
,3,0.595,0.65,0.95,0.925,0.855,,,,3,0.633,0.85,0.893,0.893,,,,,,,,,,
11,1,0.765,0.735,0.94,0.945,0.94,,,11,1,0.567,0.407,0.45,0.69,,,,,,,,,,
,2,0.605,0.71,0.93,0.92,0.88,,,,2,0.5,0.31,0.347,0.547,,,,,,,,,,
,3,0.635,0.67,0.98,0.965,0.94,,,,3,0.667,0.493,0.517,0.667,,,,,,,,,,
12,1,0.48,0.445,0.49,0.535,0.52,,,,Average,0.581,0.762,0.777,0.75,,,,,,,,,,
,2,0.495,0.48,0.55,0.51,0.405,,,,,,,,,,,,,,,,,,
,3,0.53,0.485,0.555,0.57,0.55,,,,,,,,,,,,,,,,,,
13,1,0.46,0.58,0.84,0.85,0.68,,,,,,,,,,,,,,,,,,
,2,0.625,0.51,0.875,0.895,0.665,,,,,,,,,,,,,,,,,,
,3,0.535,0.52,0.92,0.885,0.705,,,,,,,,,,,,,,,,,,
14,1,0.57,0.505,0.5,0.5,0.475,,,,,,,,,,,,,,,,,,
,2,0.475,0.49,0.495,0.485,0.53,,,,,,,,,,,,,,,,,,
,3,0.48,0.52,0.56,0.61,0.545,,,,,,,,,,,,,,,,,,
15,1,0.455,0.555,0.82,0.815,0.705,,,,,,,,,,,,,,,,,,
,2,0.475,0.56,0.845,0.74,0.625,,,,,,,,,,,,,,,,,,
,3,0.465,0.575,0.88,0.8,0.68,,,,,,,,,,,,,,,,,,
16,1,0.635,0.525,0.62,0.75,0.66,,,,,,,,,,,,,,,,,,
,2,0.57,0.58,0.695,0.685,0.69,,,,,,,,,,,,,,,,,,
,3,0.55,0.515,0.62,0.645,0.625,,,,,,,,,,,,,,,,,,
17,1,0.545,0.785,0.81,0.745,0.72,,,,,,,,,,,,,,,,,,
,2,0.54,0.67,0.715,0.71,0.575,,,,,,,,,,,,,,,,,,
,3,0.48,0.68,0.865,0.855,0.685,,,,,,,,,,,,,,,,,,
18,1,0.545,0.61,0.66,0.695,0.53,,,,,,,,,,,,,,,,,,
,2,0.53,0.535,0.75,0.71,0.5,,,,,,,,,,,,,,,,,,
,3,0.505,0.55,0.78,0.735,0.655,,,,,,,,,,,,,,,,,,
19,1,0.57,0.55,0.72,0.685,0.705,,,,,,,,,,,,,,,,,,
,2,0.67,0.645,0.96,0.935,0.73,,,,,,,,,,,,,,,,,,
,3,0.8,0.855,0.96,0.97,0.89,,,,,,,,,,,,,,,,,,
20,1,0.655,0.62,0.975,0.98,0.79,,,,,,,,,,,,,,,,,,
,2,0.515,0.695,0.96,0.96,0.765,,,,,,,,,,,,,,,,,,
,3,0.59,0.6,0.99,0.95,0.76,,,,,,,,,,,,,,,,,,
21,1,0.605,0.695,0.865,0.825,0.845,,,,,,,,,,,,,,,,,,
,2,0.72,0.695,0.87,0.865,0.8,,,,,,,,,,,,,,,,,,
,3,0.66,0.62,0.915,0.89,0.765,,,,,,,,,,,,,,,,,,
22,1,0.55,0.645,0.795,0.8,0.72,,,,,,,,,,,,,,,,,,
,2,0.535,0.665,0.88,0.855,0.82,,,,,,,,,,,,,,,,,,
,3,0.57,0.64,0.885,0.885,0.825,,,,,,,,,,,,,,,,,,
23,1,0.582,0.601,0.894,0.909,0.813,,,,,,,,,,,,,,,,,,
,2,0.63,0.67,0.935,0.935,0.87,,,,,,,,,,,,,,,,,,
,3,0.84,0.88,0.97,0.965,0.915,,,,,,,,,,,,,,,,,,
24,1,0.785,0.91,0.985,0.975,0.945,,,,,,,,,,,,,,,,,,
,2,0.689,0.864,0.97,0.955,0.919,,,,,,,,,,,,,,,,,,
,3,0.897,0.967,0.985,0.985,0.955,,,,,,,,,,,,,,,,,,
25,1,0.545,0.705,0.91,0.95,0.75,,,,,,,,,,,,,,,,,,
,2,0.715,0.815,0.925,0.92,0.9,,,,,,,,,,,,,,,,,,
,3,0.63,0.585,0.96,0.955,0.78,,,,,,,,,,,,,,,,,,
26,1,0.76,0.8,0.92,0.905,0.89,,,,,,,,,,,,,,,,,,
,2,0.767,0.783,0.945,0.939,0.94,,,,,,,,,,,,,,,,,,
,3,0.78,0.815,0.955,0.915,0.915,,,,,,,,,,,,,,,,,,
27,1,0.665,0.61,0.81,0.85,0.765,,,,,,,,,,,,,,,,,,
,2,0.485,0.58,0.815,0.805,0.665,,,,,,,,,,,,,,,,,,
,3,0.76,0.67,0.865,0.895,0.845,,,,,,,,,,,,,,,,,,
28,1,0.82,0.875,0.88,0.915,0.845,,,,,,,,,,,,,,,,,,
,2,0.755,0.735,0.86,0.91,0.845,,,,,,,,,,,,,,,,,,
,3,0.755,0.855,0.87,0.91,0.925,,,,,,,,,,,,,,,,,,
29,1,0.975,0.985,0.855,0.95,0.985,,,,,,,,,,,,,,,,,,
,2,0.955,0.98,0.93,0.94,0.99,,,,,,,,,,,,,,,,,,
,3,0.94,0.99,0.94,0.945,0.96,,,,,,,,,,,,,,,,,,
30,1,0.64,0.65,0.965,0.915,0.885,,,,,,,,,,,,,,,,,,
,2,0.68,0.735,0.915,0.9,0.86,,,,,,,,,,,,,,,,,,
,3,0.725,0.665,0.895,0.795,0.73,,,,,,,,,,,,,,,,,,
31,1,0.53,0.645,0.825,0.815,0.815,,,,,,,,,,,,,,,,,,
,2,0.53,0.605,0.825,0.795,0.8,,,,,,,,,,,,,,,,,,
,3,0.59,0.665,0.875,0.9,0.77,,,,,,,,,,,,,,,,,,
32,1,0.45,0.69,0.6,0.59,0.715,,,,,,,,,,,,,,,,,,
,2,0.522,0.738,0.648,0.669,0.754,,,,,,,,,,,,,,,,,,
,3,0.56,0.795,0.785,0.85,0.75,,,,,,,,,,,,,,,,,,
33,1,0.915,0.955,0.965,0.94,0.975,,,,,,,,,,,,,,,,,,
,2,0.885,0.955,0.97,0.935,0.97,,,,,,,,,,,,,,,,,,
,3,0.89,0.965,0.98,0.965,0.965,,,,,,,,,,,,,,,,,,
34,1,0.52,0.645,0.695,0.69,0.685,,,,,,,,,,,,,,,,,,
,2,0.8,0.85,0.905,0.93,0.925,,,,,,,,,,,,,,,,,,
,3,0.675,0.73,0.905,0.92,0.895,,,,,,,,,,,,,,,,,,
35,1,0.575,0.69,0.995,0.98,0.815,,,,,,,,,,,,,,,,,,
,2,0.71,0.67,0.99,0.985,0.895,,,,,,,,,,,,,,,,,,
,3,0.475,0.675,0.95,0.92,0.765,,,,,,,,,,,,,,,,,,
36,1,0.45,0.57,0.86,0.875,0.775,,,,,,,,,,,,,,,,,,
,2,0.615,0.655,0.945,0.965,0.83,,,,,,,,,,,,,,,,,,
,3,0.65,0.705,0.985,0.985,0.96,,,,,,,,,,,,,,,,,,
37,1,0.485,0.56,0.905,0.92,0.71,,,,,,,,,,,,,,,,,,
,2,0.555,0.71,0.905,0.95,0.855,,,,,,,,,,,,,,,,,,
,3,0.555,0.605,0.915,0.915,0.825,,,,,,,,,,,,,,,,,,
38,1,0.5,0.5,0.525,0.575,0.57,,,,,,,,,,,,,,,,,,
,2,0.535,0.565,0.88,0.815,0.76,,,,,,,,,,,,,,,,,,
,3,0.535,0.48,0.95,0.945,0.74,,,,,,,,,,,,,,,,,,
39,1,0.66,0.84,0.855,0.855,0.96,,,,,,,,,,,,,,,,,,
,2,0.625,0.535,0.905,0.82,0.805,,,,,,,,,,,,,,,,,,
,3,0.875,0.94,0.915,0.93,0.95,,,,,,,,,,,,,,,,,,
40,1,0.49,0.685,0.765,0.835,0.74,,,,,,,,,,,,,,,,,,
,2,0.535,0.7,0.83,0.815,0.74,,,,,,,,,,,,,,,,,,
,3,0.72,0.85,0.915,0.895,0.89,,,,,,,,,,,,,,,,,,
41,1,0.795,0.925,0.84,0.845,0.915,,,,,,,,,,,,,,,,,,
,2,0.755,0.91,0.89,0.885,0.935,,,,,,,,,,,,,,,,,,
,3,0.705,0.865,0.87,0.855,0.91,,,,,,,,,,,,,,,,,,
42,1,0.505,0.47,0.7,0.64,0.55,,,,,,,,,,,,,,,,,,
,2,0.5,0.495,0.785,0.84,0.69,,,,,,,,,,,,,,,,,,
,3,0.495,0.51,0.87,0.81,0.665,,,,,,,,,,,,,,,,,,
43,1,0.605,0.725,0.985,0.995,0.985,,,,,,,,,,,,,,,,,,
,2,0.62,0.74,0.99,1,0.965,,,,,,,,,,,,,,,,,,
,3,0.665,0.635,0.985,0.995,0.98,,,,,,,,,,,,,,,,,,
44,1,0.53,0.585,0.595,0.585,0.57,,,,,,,,,,,,,,,,,,
,2,0.605,0.59,0.725,0.7,0.695,,,,,,,,,,,,,,,,,,
,3,0.54,0.49,0.835,0.78,0.635,,,,,,,,,,,,,,,,,,
45,1,0.45,0.575,0.775,0.77,0.615,,,,,,,,,,,,,,,,,,
,2,0.475,0.62,0.865,0.85,0.685,,,,,,,,,,,,,,,,,,
,3,0.5,0.57,0.91,0.92,0.825,,,,,,,,,,,,,,,,,,
46,1,0.655,0.78,0.985,1,0.95,,,,,,,,,,,,,,,,,,
,2,0.645,0.77,0.995,1,0.93,,,,,,,,,,,,,,,,,,
,3,0.61,0.66,0.97,0.98,0.87,,,,,,,,,,,,,,,,,,
47,1,0.535,0.52,0.9,0.875,0.68,,,,,,,,,,,,,,,,,,
,2,0.605,0.74,0.865,0.82,0.725,,,,,,,,,,,,,,,,,,
,3,0.525,0.57,0.92,0.9,0.68,,,,,,,,,,,,,,,,,,
48,1,0.585,0.535,0.88,0.86,0.725,,,,,,,,,,,,,,,,,,
,2,0.48,0.795,0.915,0.895,0.79,,,,,,,,,,,,,,,,,,
,3,0.735,0.67,0.91,0.905,0.89,,,,,,,,,,,,,,,,,,
49,1,0.795,0.885,0.945,0.93,0.965,,,,,,,,,,,,,,,,,,
,2,0.515,0.655,0.95,0.88,0.845,,,,,,,,,,,,,,,,,,
,3,0.58,0.72,0.965,0.95,0.86,,,,,,,,,,,,,,,,,,
50,1,0.53,0.61,0.95,0.83,0.72,,,,,,,,,,,,,,,,,,
,2,0.555,0.61,0.965,0.94,0.9,,,,,,,,,,,,,,,,,,
,3,0.7,0.685,0.95,0.955,0.85,,,,,,,,,,,,,,,,,,
51,1,0.465,0.625,0.87,0.86,0.705,,,,,,,,,,,,,,,,,,
,2,0.69,0.805,0.895,0.83,0.84,,,,,,,,,,,,,,,,,,
,3,0.605,0.77,0.92,0.835,0.805,,,,,,,,,,,,,,,,,,
,Average,0.612,0.673,0.853,0.844,0.784,,,,,,,,,,,,,,,,,,
,,,,,,,,,,,,,,,,,,,,,,,,
,,,,,,,,,,,,,,,,,,,,,,,,
,,,,,,,,,,,,,,,,,,,,,,,,
,,,,,,,,,,,,,,,,,,,,,,,,
,,,,,,,,,,,,,,,,,,,,,,,,
,,,,,,,,,,,,,,,,,,,,,,,,
,,,,,,,,,,,,,,,,,,,,,,,,
,,,,,,,,,,,,,,,,,,,,,,,,
,,,,,,,,,,,,,,,,,,,,,,,,
,,,,,,,,,,,,,,,,,,,,,,,,
,,,,,,,,,,,,,,,,,,,,,,,,
,,,,,,,,,,,,,,,,,,,,,,,,
,,,,,,,,,,,,,,,,,,,,,,,,
,,,,,,,,,,,,,,,,,,,,,,,,
,,,,,,,,,,,,,,,,,,,,,,,,
,,,,,,,,,,,,,,,,,,,,,,,,
,,,,,,,,,,,,,,,,,,,,,,,,
,,,,,,,,,,,,,,,,,,,,,,,,
,,,,,,,,,,,,,,,,,,,,,,,,
,,,,,,,,,,,,,,,,,,,,,,,,
,,,,,,,,,,,,,,,,,,,,,,,,
,,,,,,,,,,,,,,,,,,,,,,,,
,,,,,,,,,,,,,,,,,,,,,,,,
,,,,,,,,,,,,,,,,,,,,,,,,
,,,,,,,,,,,,,,,,,,,,,,,,
,,,,,,,,,,,,,,,,,,,,,,,,
,,,,,,,,,,,,,,,,,,,,,,,,
,,,,,,,,,,,,,,,,,,,,,,,,
,,,,,,,,,,,,,,,,,,,,,,,,
,,,,,,,,,,,,,,,,,,,,,,,,
,,,,,,,,,,,,,,,,,,,,,,,,
,,,,,,,,,,,,,,,,,,,,,,,,
,,,,,,,,,,,,,,,,,,,,,0.56,,,
